#Resid1	Resid2	System1	System2	System3	System4	System5	System6	System7	System8
ALA116	LYS171	23.17	33.66	26.83	40.59	34.65	39.6	47.52	45.54
ALA116	THR174	43.9	38.61	45.12	20.79	37.62	26.73	33.66	35.64
ALA131	ILE136	0.0	22.77	0.0	0.0	0.0	0.0	0.0	0.0
ALA152	LYS157	46.34	0.0	0.0	21.78	0.0	0.0	0.0	0.0
ALA210	LEU215	34.15	41.58	35.37	40.59	30.69	38.61	39.6	35.64
ALA225	VAL228	0.0	20.79	0.0	0.0	0.0	0.0	20.79	20.79
ALA276	ALA280	24.39	26.73	25.61	25.74	23.76	33.66	21.78	32.67
ALA288	ARG292	0.0	28.71	37.8	0.0	28.71	0.0	0.0	0.0
ALA29	LEU33	0.0	0.0	0.0	21.78	23.76	0.0	22.77	0.0
ALA358	GLY361	0.0	0.0	0.0	0.0	21.78	0.0	0.0	0.0
ALA376	VAL380	28.05	0.0	32.93	20.79	0.0	23.76	26.73	0.0
ALA378	PHE383	47.56	47.52	47.56	39.6	45.54	39.6	46.53	48.51
ALA396	HIS430	29.27	33.66	37.8	28.71	37.62	31.68	38.61	48.51
ALA401	ASN405	52.44	39.6	41.46	37.62	37.62	39.6	38.61	42.57
ALA402	VAL406	45.12	38.61	39.02	38.61	45.54	34.65	38.61	31.68
ALA421	ASN425	23.17	33.66	37.8	0.0	40.59	30.69	40.59	45.54
ARG12	GLU31	0.0	0.0	0.0	0.0	0.0	22.77	0.0	0.0
ARG124	ASP135	0.0	0.0	0.0	0.0	21.78	0.0	0.0	0.0
ARG124	ASP146	0.0	0.0	43.9	42.57	0.0	0.0	0.0	0.0
ARG124	GLU127	40.24	43.56	40.24	41.58	49.5	40.59	47.52	45.54
ARG124	GLU143	35.37	32.67	39.02	44.55	0.0	0.0	0.0	0.0
ARG124	VAL128	0.0	20.79	50.0	36.63	0.0	0.0	38.61	29.7
ARG148	ALA159	0.0	0.0	26.83	0.0	0.0	0.0	0.0	0.0
ARG148	ASP309	0.0	0.0	0.0	0.0	0.0	0.0	59.41	0.0
ARG148	THR158	0.0	0.0	0.0	54.46	0.0	0.0	0.0	0.0
ARG162	GLU221	30.49	72.28	63.41	57.43	75.25	65.35	66.34	68.32
ARG229	ASP413	0.0	25.74	0.0	0.0	0.0	0.0	0.0	0.0
ARG235	ASP237	62.2	78.22	71.95	74.26	74.26	75.25	76.24	81.19
ARG238	ARG239	0.0	21.78	0.0	0.0	0.0	0.0	0.0	0.0
ARG239	LEU248	26.83	53.47	25.61	21.78	48.51	59.41	43.56	22.77
ARG277	PHE281	0.0	0.0	0.0	0.0	21.78	0.0	21.78	0.0
ARG292	MET296	34.15	24.75	52.44	0.0	23.76	0.0	38.61	34.65
ARG372	ALA376	67.07	39.6	40.24	53.47	49.5	49.5	47.52	54.46
ARG372	GLU436	0.0	27.72	0.0	0.0	0.0	0.0	0.0	0.0
ARG39	GLU253	0.0	0.0	25.61	21.78	0.0	0.0	0.0	0.0
ARG74	ARG78	36.59	39.6	46.34	51.49	29.7	47.52	41.58	39.6
ARG74	GLU144	0.0	0.0	25.61	0.0	0.0	0.0	0.0	0.0
ARG74	GLU156	24.39	0.0	30.49	29.7	53.47	53.47	33.66	28.71
ARG78	ASN145	39.02	0.0	0.0	0.0	0.0	0.0	0.0	0.0
ARG78	GLU144	0.0	0.0	28.05	0.0	0.0	0.0	0.0	0.0
ARG78	GLU156	0.0	0.0	0.0	37.62	0.0	0.0	63.37	69.31
ARG78	ILE141	31.71	0.0	0.0	0.0	0.0	0.0	0.0	0.0
ARG78	MET140	25.61	30.69	0.0	0.0	0.0	0.0	0.0	0.0
ARG95	ARG148	23.17	28.71	0.0	0.0	0.0	0.0	0.0	0.0
ARG95	ARG249	0.0	0.0	41.46	0.0	0.0	25.74	0.0	0.0
ASN145	ARG148	42.68	0.0	0.0	0.0	0.0	0.0	0.0	0.0
ASN202	CYS206	26.83	21.78	0.0	0.0	25.74	28.71	25.74	25.74
ASN202	SER335	45.12	55.45	47.56	54.46	48.51	56.44	20.79	58.42
ASN216	PHE330	43.9	46.53	20.73	30.69	41.58	30.69	32.67	43.56
ASN241	THR245	0.0	0.0	0.0	0.0	25.74	22.77	20.79	25.74
ASN241	VAL246	32.93	30.69	42.68	24.75	31.68	27.72	40.59	29.7
ASN314	TYR331	0.0	0.0	0.0	0.0	0.0	23.76	0.0	0.0
ASN405	SER409	46.34	46.53	39.02	38.61	40.59	36.63	34.65	25.74
ASN417	ALA421	20.73	0.0	28.05	26.73	20.79	0.0	22.77	20.79
ASN425	LEU429	28.05	28.71	32.93	36.63	29.7	0.0	29.7	0.0
ASN59	ASN63	41.46	0.0	0.0	20.79	23.76	0.0	24.75	20.79
ASN59	GLY260	63.41	0.0	0.0	0.0	26.73	0.0	0.0	0.0
ASN63	ASP254	0.0	0.0	0.0	0.0	0.0	0.0	20.79	0.0
ASN63	LEU261	0.0	0.0	0.0	0.0	33.66	0.0	0.0	26.73
ASN63	LYS313	0.0	0.0	39.02	0.0	0.0	0.0	44.55	42.57
ASN9	ARG249	0.0	39.6	0.0	0.0	0.0	0.0	0.0	0.0
ASP107	THR109	0.0	0.0	0.0	34.65	24.75	0.0	0.0	0.0
ASP146	ARG148	0.0	0.0	0.0	0.0	0.0	0.0	0.0	22.77
ASP146	LYS171	29.27	36.63	0.0	0.0	0.0	0.0	0.0	0.0
ASP195	GLN198	50.0	0.0	0.0	20.79	30.69	40.59	34.65	30.69
ASP195	SER197	60.98	39.6	39.02	38.61	33.66	36.63	20.79	66.34
ASP201	ARG229	54.88	34.65	68.29	89.11	66.34	64.36	59.41	70.3
ASP201	TYR205	23.17	0.0	25.61	33.66	37.62	32.67	25.74	28.71
ASP219	GLU234	50.0	48.51	50.0	53.47	55.45	46.53	62.38	53.47
ASP237	ARG238	21.95	29.7	21.95	21.78	0.0	0.0	21.78	24.75
ASP237	LEU250	76.83	49.5	31.71	53.47	38.61	38.61	35.64	32.67
ASP254	GLN257	21.95	37.62	40.24	0.0	21.78	61.39	59.41	56.44
ASP254	LYS313	26.83	55.45	62.2	0.0	42.57	55.45	51.49	45.54
ASP254	THR258	40.24	46.53	24.39	40.59	44.55	32.67	28.71	42.57
ASP291	ARG326	0.0	28.71	21.95	48.51	29.7	78.22	0.0	0.0
ASP291	LEU327	31.71	54.46	56.1	36.63	62.38	55.45	0.0	46.53
ASP291	PHE295	47.56	28.71	28.05	44.55	34.65	29.7	27.72	38.61
ASP294	PHE298	35.37	0.0	34.15	24.75	21.78	24.75	0.0	22.77
ASP367	ARG432	50.0	44.55	53.66	54.46	51.49	42.57	51.49	53.47
ASP367	LYS368	25.61	20.79	24.39	23.76	0.0	0.0	0.0	0.0
ASP394	ARG397	25.61	39.6	20.73	35.64	38.61	26.73	31.68	20.79
ASP394	MET398	28.05	0.0	50.0	38.61	29.7	36.63	34.65	40.59
ASP404	THR408	0.0	0.0	0.0	21.78	23.76	0.0	0.0	0.0
ASP55	ASN59	29.27	40.59	34.15	41.58	39.6	30.69	24.75	40.59
ASP62	ARG72	47.56	62.38	30.49	56.44	31.68	22.77	65.35	53.47
ASP62	SER263	20.73	0.0	25.61	0.0	67.33	0.0	24.75	60.4
ASP67	GLY153	0.0	0.0	41.46	34.65	0.0	0.0	0.0	0.0
ASP67	LYS157	0.0	0.0	0.0	0.0	27.72	0.0	0.0	0.0
ASP67	LYS266	0.0	0.0	0.0	0.0	0.0	34.65	0.0	0.0
ASP73	ARG84	26.83	31.68	32.93	32.67	35.64	23.76	35.64	37.62
ASP73	LYS77	29.27	20.79	56.1	21.78	28.71	25.74	28.71	0.0
ASP96	ALA150	0.0	22.77	0.0	0.0	0.0	0.0	0.0	0.0
ASP96	ARG238	21.95	49.5	57.32	78.22	73.27	0.0	76.24	66.34
ASP96	ARG249	23.17	51.49	0.0	48.51	0.0	0.0	0.0	0.0
ASP96	THR176	39.02	73.27	30.49	62.38	45.54	0.0	28.71	47.52
CYS206	ALA210	32.93	39.6	32.93	39.6	32.67	38.61	33.66	43.56
CYS256	LEU261	20.73	24.75	36.59	54.46	32.67	44.55	45.54	32.67
GLN155	LEU182	0.0	0.0	0.0	0.0	31.68	0.0	0.0	0.0
GLN189	ALA192	0.0	0.0	0.0	0.0	0.0	0.0	23.76	21.78
GLN198	ASN202	59.76	56.44	47.56	51.49	50.5	47.52	47.52	47.52
GLN302	ALA307	36.59	47.52	47.56	35.64	47.52	40.59	33.66	42.57
GLN320	SER324	69.51	36.63	0.0	41.58	47.52	40.59	54.46	45.54
GLN387	ILE391	43.9	20.79	21.95	0.0	26.73	21.78	23.76	23.76
GLN85	LEU89	0.0	0.0	0.0	0.0	0.0	36.63	0.0	21.78
GLU106	THR109	0.0	0.0	0.0	0.0	0.0	0.0	27.72	30.69
GLU118	ILE169	63.41	65.35	69.51	66.34	46.53	41.58	24.75	40.59
GLU118	LYS171	43.9	55.45	47.56	51.49	47.52	47.52	54.46	54.46
GLU122	GLU126	58.54	26.73	30.49	37.62	27.72	27.72	26.73	0.0
GLU126	ASN227	0.0	0.0	0.0	0.0	0.0	0.0	38.61	22.77
GLU126	THR130	79.27	57.43	21.95	52.48	34.65	47.52	56.44	20.79
GLU127	ALA131	0.0	0.0	23.17	0.0	0.0	0.0	20.79	0.0
GLU144	LYS171	36.59	0.0	0.0	0.0	0.0	0.0	0.0	0.0
GLU15	LYS27	56.1	23.76	31.71	25.74	0.0	21.78	33.66	0.0
GLU156	ARG188	0.0	32.67	0.0	0.0	0.0	0.0	0.0	0.0
GLU156	LEU182	45.12	0.0	0.0	0.0	0.0	23.76	0.0	0.0
GLU203	LEU207	26.83	41.58	39.02	39.6	39.6	31.68	42.57	36.63
GLU212	ASN405	58.54	42.57	23.17	29.7	23.76	27.72	35.64	30.69
GLU221	ALA232	29.27	21.78	31.71	28.71	22.77	23.76	67.33	61.39
GLU234	ARG239	0.0	0.0	0.0	0.0	0.0	0.0	20.79	0.0
GLU253	THR258	31.71	22.77	29.27	0.0	67.33	21.78	37.62	29.7
GLU253	VAL317	52.44	26.73	30.49	35.64	48.51	24.75	39.6	23.76
GLU268	GLY355	0.0	29.7	0.0	0.0	0.0	32.67	0.0	0.0
GLU268	LYS362	0.0	0.0	0.0	22.77	0.0	34.65	0.0	0.0
GLU287	ASP291	0.0	20.79	0.0	0.0	0.0	0.0	0.0	0.0
GLU287	LYS290	0.0	32.67	0.0	0.0	0.0	0.0	0.0	25.74
GLU287	SER324	0.0	0.0	0.0	27.72	0.0	31.68	0.0	0.0
GLU385	HIS389	29.27	40.59	40.24	48.51	49.5	53.47	54.46	56.44
GLU390	ASP394	30.49	27.72	24.39	36.63	36.63	32.67	42.57	46.53
GLU416	THR420	40.24	26.73	26.83	27.72	43.56	29.7	35.64	30.69
GLU423	LEU427	29.27	40.59	39.02	38.61	32.67	36.63	46.53	41.58
GLU436	LYS440	0.0	0.0	0.0	0.0	0.0	0.0	0.0	30.69
GLU92	ARG148	34.15	23.76	0.0	0.0	0.0	0.0	0.0	0.0
GLY274	ILE278	0.0	21.78	0.0	0.0	0.0	0.0	0.0	0.0
GLY306	ALA336	25.61	0.0	30.49	26.73	0.0	0.0	0.0	20.79
GLY341	ILE345	0.0	25.74	0.0	0.0	0.0	51.49	0.0	36.63
GLY342	THR343	0.0	0.0	20.73	0.0	0.0	0.0	0.0	0.0
GLY431	ARG435	0.0	0.0	23.17	0.0	0.0	0.0	0.0	0.0
GLY94	ARG148	37.8	22.77	0.0	0.0	0.0	0.0	0.0	0.0
GLY94	LEU103	0.0	0.0	34.15	0.0	0.0	43.56	0.0	0.0
GLY99	ARG238	0.0	23.76	37.8	47.52	26.73	0.0	28.71	28.71
GLY99	ASP237	0.0	0.0	51.22	0.0	27.72	27.72	0.0	27.72
HIS24	SER54	0.0	0.0	0.0	0.0	0.0	0.0	0.0	32.67
HIS24	THR53	0.0	0.0	0.0	0.0	27.72	0.0	0.0	0.0
HIS311	ASN314	28.05	0.0	0.0	0.0	0.0	0.0	0.0	0.0
HIS346	SER348	0.0	0.0	0.0	0.0	0.0	20.79	0.0	0.0
HIS373	THR377	20.73	21.78	30.49	25.74	39.6	46.53	29.7	35.64
HIS389	SER393	20.73	23.76	25.61	30.69	22.77	27.72	28.71	36.63
HIS389	TYR437	0.0	0.0	0.0	0.0	45.54	58.42	0.0	21.78
HIS430	SER434	25.61	29.7	23.17	39.6	36.63	27.72	43.56	34.65
ILE141	ASN191	0.0	0.0	0.0	0.0	0.0	20.79	0.0	0.0
ILE163	ASP166	56.1	0.0	42.68	27.72	29.7	23.76	20.79	33.66
ILE173	ARG249	26.83	31.68	31.71	25.74	0.0	0.0	0.0	0.0
ILE179	VAL233	74.39	77.23	57.32	64.36	70.3	58.42	63.37	65.35
ILE187	LEU194	0.0	0.0	0.0	0.0	23.76	0.0	32.67	24.75
ILE223	ALA230	41.46	29.7	28.05	55.45	32.67	32.67	34.65	47.52
ILE275	MET279	32.93	56.44	52.44	42.57	40.59	50.5	49.5	58.42
ILE278	LEU282	0.0	31.68	0.0	24.75	32.67	0.0	21.78	28.71
ILE305	SER335	37.8	66.34	75.61	69.31	69.31	74.26	61.39	63.37
ILE399	LEU403	31.71	27.72	31.71	21.78	21.78	24.75	20.79	27.72
ILE70	ARG74	71.95	26.73	0.0	0.0	24.75	0.0	0.0	0.0
ILE75	TYR79	0.0	0.0	0.0	0.0	0.0	24.75	0.0	0.0
LEU120	TRP167	47.56	45.54	36.59	48.51	38.61	44.55	46.53	34.65
LEU125	LEU129	59.76	36.63	34.15	45.54	0.0	22.77	61.39	61.39
LEU138	GLU156	0.0	24.75	0.0	0.0	0.0	0.0	0.0	0.0
LEU138	THR158	41.46	45.54	0.0	0.0	0.0	0.0	0.0	0.0
LEU160	HIS178	0.0	33.66	23.17	30.69	39.6	24.75	36.63	38.61
LEU161	CYS168	25.61	44.55	39.02	34.65	43.56	32.67	39.6	52.48
LEU19	ALA23	54.88	29.7	37.8	40.59	38.61	28.71	41.58	58.42
LEU196	SER199	45.12	41.58	34.15	44.55	53.47	45.54	36.63	45.54
LEU208	GLU212	0.0	0.0	21.95	0.0	0.0	0.0	0.0	0.0
LEU282	ARG292	0.0	0.0	0.0	25.74	0.0	0.0	0.0	0.0
LEU289	TYR293	0.0	0.0	28.05	0.0	0.0	0.0	37.62	27.72
LEU352	THR364	24.39	51.49	56.1	51.49	50.5	49.5	50.5	61.39
LEU356	LYS363	32.93	0.0	40.24	37.62	40.59	48.51	36.63	45.54
LEU375	LYS379	31.71	0.0	24.39	0.0	0.0	0.0	0.0	0.0
LEU392	ALA396	37.8	22.77	0.0	23.76	0.0	0.0	0.0	0.0
LEU4	LEU16	54.88	58.42	62.2	58.42	39.6	66.34	64.36	54.46
LEU427	GLY431	0.0	0.0	0.0	22.77	0.0	0.0	0.0	0.0
LEU429	LEU433	24.39	21.78	21.95	27.72	0.0	21.78	24.75	0.0
LEU43	GLU253	0.0	0.0	0.0	0.0	0.0	0.0	23.76	0.0
LEU64	SER150	21.95	0.0	0.0	0.0	0.0	0.0	0.0	0.0
LEU89	ILE93	57.32	25.74	0.0	0.0	0.0	0.0	0.0	0.0
LYS119	ASP166	56.1	33.66	46.34	44.55	37.62	33.66	40.59	41.58
LYS157	ASP332	0.0	0.0	54.88	0.0	0.0	0.0	43.56	39.6
LYS171	THR174	21.95	42.57	46.34	48.51	41.58	49.5	41.58	47.52
LYS18	ASP88	30.49	29.7	42.68	40.59	42.57	0.0	41.58	53.47
LYS181	ASP332	42.68	62.38	60.98	68.32	59.41	63.37	60.4	59.41
LYS181	GLU203	36.59	32.67	35.37	39.6	35.64	32.67	29.7	40.59
LYS181	LEU231	54.88	55.45	64.63	62.38	34.65	61.39	54.46	65.35
LYS211	ASP219	63.41	42.57	36.59	37.62	33.66	44.55	46.53	46.53
LYS266	ALA312	0.0	0.0	0.0	0.0	0.0	22.77	0.0	0.0
LYS266	ASP309	0.0	40.59	0.0	0.0	0.0	0.0	0.0	0.0
LYS290	ASP294	0.0	42.57	24.39	0.0	35.64	0.0	41.58	36.63
LYS297	PHE301	0.0	0.0	25.61	23.76	0.0	28.71	0.0	0.0
LYS3	ASP107	0.0	0.0	0.0	0.0	0.0	32.67	0.0	0.0
LYS3	GLU106	36.59	42.57	23.17	26.73	43.56	0.0	41.58	43.56
LYS3	GLU15	63.41	52.48	47.56	63.37	54.46	64.36	57.43	66.34
LYS313	TYR331	0.0	0.0	35.37	0.0	29.7	0.0	0.0	0.0
LYS379	GLU385	30.49	35.64	35.37	45.54	41.58	39.6	46.53	38.61
LYS407	GLU423	48.78	35.64	47.56	44.55	30.69	34.65	34.65	37.62
MET140	ARG188	0.0	0.0	0.0	0.0	0.0	0.0	0.0	36.63
MET255	PHE259	0.0	24.75	0.0	0.0	0.0	0.0	0.0	0.0
MET279	MET283	0.0	0.0	0.0	34.65	0.0	23.76	0.0	0.0
MET388	LEU392	28.05	29.7	28.05	20.79	39.6	44.55	29.7	22.77
MET398	ALA402	30.49	26.73	34.15	41.58	31.68	37.62	45.54	32.67
MET8	GLN11	21.95	54.46	26.83	52.48	36.63	46.53	49.5	37.62
PHE26	ILE52	37.8	57.43	54.88	58.42	31.68	48.51	49.5	49.5
PHE281	TYR325	36.59	51.49	0.0	0.0	43.56	42.57	45.54	65.35
PHE298	GLN302	24.39	36.63	53.66	35.64	37.62	37.62	46.53	40.59
PHE301	ILE305	28.05	34.65	29.27	23.76	36.63	21.78	23.76	0.0
PHE318	ARG326	40.24	33.66	59.76	32.67	42.57	45.54	27.72	32.67
PHE374	ALA378	26.83	37.62	24.39	29.7	23.76	22.77	22.77	25.74
PHE58	ASP62	0.0	24.75	0.0	0.0	0.0	21.78	22.77	25.74
PHE87	SER91	46.34	45.54	40.24	22.77	27.72	25.74	0.0	43.56
PRO113	ILE173	20.73	32.67	24.39	20.79	0.0	0.0	0.0	0.0
PRO137	MET140	39.02	45.54	0.0	0.0	0.0	0.0	0.0	0.0
PRO2	LYS18	31.71	43.56	30.49	22.77	0.0	26.73	30.69	0.0
PRO2	THR17	0.0	0.0	0.0	0.0	28.71	0.0	21.78	46.53
PRO251	ILE319	40.24	49.5	21.95	21.78	39.6	29.7	23.76	30.69
PRO66	ARG72	20.73	43.56	46.34	31.68	72.28	58.42	47.52	51.49
PRO69	ASP73	23.17	24.75	0.0	0.0	20.79	0.0	0.0	0.0
PRO86	LEU90	43.9	46.53	45.12	59.41	24.75	36.63	46.53	49.5
SER199	GLU203	67.07	48.51	39.02	39.6	44.55	40.59	43.56	50.5
SER285	ASP291	0.0	64.36	0.0	0.0	23.76	0.0	74.26	60.4
SER285	TYR325	28.05	0.0	0.0	0.0	0.0	0.0	0.0	0.0
SER286	ASP291	0.0	0.0	0.0	0.0	0.0	0.0	58.42	27.72
SER286	TYR325	0.0	35.64	0.0	0.0	23.76	0.0	54.46	52.48
SER316	THR328	42.68	24.75	45.12	22.77	42.57	32.67	21.78	34.65
SER316	TYR331	65.85	31.68	0.0	0.0	0.0	21.78	0.0	27.72
SER324	ARG326	0.0	0.0	28.05	0.0	0.0	0.0	0.0	0.0
SER348	ASP367	30.49	24.75	28.05	35.64	56.44	27.72	0.0	34.65
SER393	ARG397	0.0	0.0	0.0	20.79	0.0	0.0	0.0	0.0
SER42	GLU253	35.37	66.34	28.05	0.0	42.57	56.44	68.32	70.3
SER54	PHE58	0.0	0.0	0.0	0.0	0.0	0.0	0.0	51.49
SER68	GLN155	0.0	0.0	0.0	0.0	53.47	0.0	0.0	0.0
SER83	ASP88	31.71	54.46	54.88	59.41	61.39	67.33	44.55	58.42
SER91	GLU92	0.0	0.0	0.0	38.61	0.0	0.0	43.56	0.0
SER97	ARG235	32.93	23.76	0.0	35.64	48.51	0.0	20.79	0.0
SER97	ARG238	0.0	0.0	21.95	0.0	0.0	32.67	0.0	0.0
THR121	LEU125	34.15	37.62	39.02	37.62	41.58	42.57	47.52	40.59
THR158	ILE180	47.56	76.24	73.17	78.22	68.32	72.28	64.36	62.38
THR17	THR25	47.56	28.71	28.05	39.6	46.53	23.76	23.76	41.58
THR176	ARG235	28.05	35.64	29.27	26.73	24.75	0.0	31.68	29.7
THR177	ARG235	40.24	41.58	69.51	60.4	60.4	56.44	46.53	50.5
THR177	HIS178	0.0	0.0	63.41	65.35	73.27	61.39	0.0	0.0
THR193	THR343	0.0	0.0	0.0	0.0	0.0	20.79	21.78	0.0
THR308	ASP309	36.59	0.0	32.93	0.0	28.71	0.0	0.0	0.0
THR308	LYS351	0.0	36.63	0.0	0.0	30.69	62.38	22.77	0.0
THR328	PRO329	0.0	22.77	0.0	0.0	34.65	0.0	0.0	0.0
THR377	LEU381	28.05	0.0	23.17	0.0	22.77	0.0	20.79	28.71
THR420	SER424	34.15	48.51	20.73	48.51	51.49	54.46	20.79	51.49
THR6	GLY14	54.88	55.45	62.2	65.35	50.5	57.43	56.44	60.4
THR6	VAL13	23.17	38.61	29.27	34.65	32.67	39.6	37.62	32.67
TRP32	ARG39	25.61	0.0	0.0	0.0	0.0	0.0	0.0	0.0
TRP7	THR102	51.22	35.64	26.83	36.63	23.76	42.57	35.64	51.49
TYR132	ALA159	0.0	0.0	0.0	0.0	0.0	0.0	28.71	0.0
TYR132	GLU143	0.0	0.0	29.27	0.0	0.0	0.0	0.0	0.0
TYR132	GLU144	0.0	0.0	29.27	0.0	0.0	0.0	0.0	0.0
TYR132	GLU186	0.0	51.49	0.0	0.0	0.0	0.0	0.0	0.0
TYR204	LEU208	40.24	0.0	21.95	29.7	43.56	22.77	32.67	26.73
TYR205	LEU209	26.83	38.61	41.46	49.5	43.56	37.62	37.62	46.53
TYR28	LEU41	42.68	0.0	0.0	0.0	30.69	29.7	0.0	40.59
TYR28	LEU45	0.0	0.0	0.0	0.0	23.76	0.0	0.0	0.0
TYR28	PRO46	20.73	0.0	0.0	0.0	0.0	32.67	22.77	0.0
TYR293	GLU390	52.44	0.0	0.0	0.0	23.76	0.0	22.77	20.79
TYR293	LYS297	65.85	23.76	31.71	28.71	24.75	36.63	28.71	31.68
TYR79	ASP96	0.0	0.0	0.0	0.0	0.0	44.55	0.0	0.0
TYR79	GLU144	0.0	0.0	26.83	0.0	0.0	0.0	0.0	0.0
VAL13	ALA29	26.83	54.46	51.22	53.47	69.31	48.51	57.43	58.42
VAL200	TYR204	0.0	0.0	29.27	0.0	34.65	31.68	27.72	35.64
VAL300	LEU304	41.46	0.0	25.61	24.75	0.0	0.0	0.0	28.71
VAL339	THR343	0.0	0.0	0.0	0.0	37.62	0.0	0.0	0.0
VAL386	GLU390	0.0	22.77	0.0	0.0	0.0	22.77	0.0	0.0
VAL419	GLU423	35.37	43.56	54.88	57.43	57.43	62.38	51.49	53.47
VAL422	VAL426	40.24	45.54	56.1	43.56	48.51	39.6	52.48	50.5
VAL426	HIS430	51.22	33.66	40.24	29.7	37.62	27.72	29.7	34.65
VAL5	ILE104	28.05	32.67	42.68	47.52	46.53	44.55	57.43	54.46
VAL71	ILE75	0.0	21.78	0.0	0.0	22.77	0.0	0.0	33.66
